"date","auto","bike","other","year_month"
2005-01-01,0,0,0,"2005-01-01"
2005-01-02,0,0,0,"2005-01-01"
2005-01-03,0,0,0,"2005-01-01"
2005-01-04,0,0,0,"2005-01-01"
2005-01-05,0,0,0,"2005-01-01"
2005-01-06,0,0,0,"2005-01-01"
2005-01-07,0,0,0,"2005-01-01"
2005-01-08,1,0,0,"2005-01-01"
2005-01-09,1,0,0,"2005-01-01"
2005-01-10,1,0,0,"2005-01-01"
2005-01-11,1,0,0,"2005-01-01"
2005-01-12,1,0,0,"2005-01-01"
2005-01-13,1,0,0,"2005-01-01"
2005-01-14,1,1,0,"2005-01-01"
2005-01-15,1,1,2,"2005-01-01"
2005-01-16,1,1,2,"2005-01-01"
2005-01-17,2,1,2,"2005-01-01"
2005-01-18,2,1,2,"2005-01-01"
2005-01-19,3,1,2,"2005-01-01"
2005-01-20,3,1,2,"2005-01-01"
2005-01-21,3,3,2,"2005-01-01"
2005-01-22,3,3,2,"2005-01-01"
2005-01-23,3,3,2,"2005-01-01"
2005-01-24,4,3,2,"2005-01-01"
2005-01-25,4,3,2,"2005-01-01"
2005-01-26,4,5,2,"2005-01-01"
2005-01-27,4,5,2,"2005-01-01"
2005-01-28,4,5,2,"2005-01-01"
2005-01-29,4,5,2,"2005-01-01"
2005-01-30,4,5,2,"2005-01-01"
2005-01-31,4,5,2,"2005-01-01"
2005-02-01,0,2,0,"2005-02-01"
2005-02-02,0,3,0,"2005-02-01"
2005-02-03,0,4,0,"2005-02-01"
2005-02-04,1,5,0,"2005-02-01"
2005-02-05,1,6,0,"2005-02-01"
2005-02-06,1,6,0,"2005-02-01"
2005-02-07,1,7,0,"2005-02-01"
2005-02-08,1,7,0,"2005-02-01"
2005-02-09,3,8,0,"2005-02-01"
2005-02-10,3,9,0,"2005-02-01"
2005-02-11,3,11,0,"2005-02-01"
2005-02-12,3,11,0,"2005-02-01"
2005-02-13,4,11,0,"2005-02-01"
2005-02-14,5,11,0,"2005-02-01"
2005-02-15,5,11,0,"2005-02-01"
2005-02-16,5,11,0,"2005-02-01"
2005-02-17,6,13,0,"2005-02-01"
2005-02-18,7,13,0,"2005-02-01"
2005-02-19,7,13,0,"2005-02-01"
2005-02-20,8,13,0,"2005-02-01"
2005-02-21,9,13,0,"2005-02-01"
2005-02-22,10,15,0,"2005-02-01"
2005-02-23,10,15,0,"2005-02-01"
2005-02-24,10,15,0,"2005-02-01"
2005-02-25,10,16,0,"2005-02-01"
2005-02-26,10,16,0,"2005-02-01"
2005-02-27,10,16,0,"2005-02-01"
2005-02-28,11,17,0,"2005-02-01"
2005-03-01,0,0,0,"2005-03-01"
2005-03-02,0,1,1,"2005-03-01"
2005-03-03,1,1,1,"2005-03-01"
2005-03-04,1,2,1,"2005-03-01"
2005-03-05,1,2,1,"2005-03-01"
2005-03-06,1,2,1,"2005-03-01"
2005-03-07,1,3,2,"2005-03-01"
2005-03-08,2,4,2,"2005-03-01"
2005-03-09,3,4,2,"2005-03-01"
2005-03-10,3,4,2,"2005-03-01"
2005-03-11,3,4,2,"2005-03-01"
2005-03-12,4,4,2,"2005-03-01"
2005-03-13,4,5,2,"2005-03-01"
2005-03-14,4,5,2,"2005-03-01"
2005-03-15,5,5,2,"2005-03-01"
2005-03-16,5,5,2,"2005-03-01"
2005-03-17,5,6,2,"2005-03-01"
2005-03-18,5,6,2,"2005-03-01"
2005-03-19,5,6,2,"2005-03-01"
2005-03-20,5,7,2,"2005-03-01"
2005-03-21,5,7,2,"2005-03-01"
2005-03-22,5,7,2,"2005-03-01"
2005-03-23,5,7,2,"2005-03-01"
2005-03-24,5,7,3,"2005-03-01"
2005-03-25,7,7,3,"2005-03-01"
2005-03-26,8,8,3,"2005-03-01"
2005-03-27,8,8,3,"2005-03-01"
2005-03-28,10,8,3,"2005-03-01"
2005-03-29,10,8,3,"2005-03-01"
2005-03-30,10,8,3,"2005-03-01"
2005-03-31,11,8,3,"2005-03-01"
2005-04-01,0,0,0,"2005-04-01"
2005-04-02,0,1,0,"2005-04-01"
2005-04-03,0,1,0,"2005-04-01"
2005-04-04,1,2,0,"2005-04-01"
2005-04-05,1,2,0,"2005-04-01"
2005-04-06,3,4,0,"2005-04-01"
2005-04-07,4,4,0,"2005-04-01"
2005-04-08,5,4,0,"2005-04-01"
2005-04-09,5,5,1,"2005-04-01"
2005-04-10,6,5,1,"2005-04-01"
2005-04-11,6,5,1,"2005-04-01"
2005-04-12,6,5,1,"2005-04-01"
2005-04-13,6,6,2,"2005-04-01"
2005-04-14,7,6,2,"2005-04-01"
2005-04-15,8,6,2,"2005-04-01"
2005-04-16,8,6,2,"2005-04-01"
2005-04-17,9,6,2,"2005-04-01"
2005-04-18,9,6,2,"2005-04-01"
2005-04-19,9,8,3,"2005-04-01"
2005-04-20,9,10,3,"2005-04-01"
2005-04-21,9,10,3,"2005-04-01"
2005-04-22,11,12,4,"2005-04-01"
2005-04-23,11,13,4,"2005-04-01"
2005-04-24,13,13,4,"2005-04-01"
2005-04-25,13,14,4,"2005-04-01"
2005-04-26,13,14,4,"2005-04-01"
2005-04-27,13,14,4,"2005-04-01"
2005-04-28,13,15,5,"2005-04-01"
2005-04-29,13,16,5,"2005-04-01"
2005-04-30,13,16,5,"2005-04-01"
2005-05-01,1,0,0,"2005-05-01"
2005-05-02,2,0,0,"2005-05-01"
2005-05-03,2,0,0,"2005-05-01"
2005-05-04,2,1,0,"2005-05-01"
2005-05-05,2,1,0,"2005-05-01"
2005-05-06,3,3,0,"2005-05-01"
2005-05-07,3,4,0,"2005-05-01"
2005-05-08,3,4,0,"2005-05-01"
2005-05-09,3,4,0,"2005-05-01"
2005-05-10,6,4,0,"2005-05-01"
2005-05-11,7,4,0,"2005-05-01"
2005-05-12,8,5,1,"2005-05-01"
2005-05-13,10,6,1,"2005-05-01"
2005-05-14,11,7,1,"2005-05-01"
2005-05-15,11,8,1,"2005-05-01"
2005-05-16,11,8,1,"2005-05-01"
2005-05-17,11,9,1,"2005-05-01"
2005-05-18,11,9,2,"2005-05-01"
2005-05-19,11,9,2,"2005-05-01"
2005-05-20,11,9,2,"2005-05-01"
2005-05-21,13,9,2,"2005-05-01"
2005-05-22,13,9,2,"2005-05-01"
2005-05-23,14,11,2,"2005-05-01"
2005-05-24,15,12,2,"2005-05-01"
2005-05-25,16,12,2,"2005-05-01"
2005-05-26,16,13,2,"2005-05-01"
2005-05-27,17,13,2,"2005-05-01"
2005-05-28,18,13,2,"2005-05-01"
2005-05-29,19,13,2,"2005-05-01"
2005-05-30,19,14,2,"2005-05-01"
2005-05-31,20,14,2,"2005-05-01"
2005-06-01,1,0,0,"2005-06-01"
2005-06-02,2,0,0,"2005-06-01"
2005-06-03,3,1,0,"2005-06-01"
2005-06-04,3,2,0,"2005-06-01"
2005-06-05,4,2,0,"2005-06-01"
2005-06-06,4,3,0,"2005-06-01"
2005-06-07,6,3,1,"2005-06-01"
2005-06-08,6,3,1,"2005-06-01"
2005-06-09,6,3,1,"2005-06-01"
2005-06-10,7,5,1,"2005-06-01"
2005-06-11,7,5,1,"2005-06-01"
2005-06-12,8,7,1,"2005-06-01"
2005-06-13,8,7,1,"2005-06-01"
2005-06-14,8,7,1,"2005-06-01"
2005-06-15,9,9,1,"2005-06-01"
2005-06-16,9,9,1,"2005-06-01"
2005-06-17,9,9,1,"2005-06-01"
2005-06-18,9,10,1,"2005-06-01"
2005-06-19,10,10,1,"2005-06-01"
2005-06-20,10,10,2,"2005-06-01"
2005-06-21,11,10,2,"2005-06-01"
2005-06-22,11,11,2,"2005-06-01"
2005-06-23,11,11,2,"2005-06-01"
2005-06-24,11,13,2,"2005-06-01"
2005-06-25,11,14,2,"2005-06-01"
2005-06-26,11,16,2,"2005-06-01"
2005-06-27,12,17,2,"2005-06-01"
2005-06-28,12,17,5,"2005-06-01"
2005-06-29,13,17,5,"2005-06-01"
2005-06-30,13,19,5,"2005-06-01"
2005-07-01,0,1,0,"2005-07-01"
2005-07-02,0,1,1,"2005-07-01"
2005-07-03,0,1,1,"2005-07-01"
2005-07-04,0,2,1,"2005-07-01"
2005-07-05,0,2,1,"2005-07-01"
2005-07-06,0,2,1,"2005-07-01"
2005-07-07,0,2,1,"2005-07-01"
2005-07-08,1,2,1,"2005-07-01"
2005-07-09,2,3,1,"2005-07-01"
2005-07-10,4,3,1,"2005-07-01"
2005-07-11,4,3,1,"2005-07-01"
2005-07-12,5,3,1,"2005-07-01"
2005-07-13,6,3,1,"2005-07-01"
2005-07-14,7,4,1,"2005-07-01"
2005-07-15,10,4,1,"2005-07-01"
2005-07-16,11,4,1,"2005-07-01"
2005-07-17,11,4,1,"2005-07-01"
2005-07-18,11,4,1,"2005-07-01"
2005-07-19,11,4,1,"2005-07-01"
2005-07-20,11,4,1,"2005-07-01"
2005-07-21,11,5,1,"2005-07-01"
2005-07-22,12,6,1,"2005-07-01"
2005-07-23,12,6,1,"2005-07-01"
2005-07-24,12,8,1,"2005-07-01"
2005-07-25,13,9,1,"2005-07-01"
2005-07-26,13,10,1,"2005-07-01"
2005-07-27,13,10,1,"2005-07-01"
2005-07-28,13,11,1,"2005-07-01"
2005-07-29,13,11,1,"2005-07-01"
2005-07-30,13,11,1,"2005-07-01"
2005-07-31,13,12,1,"2005-07-01"
2005-08-01,0,0,1,"2005-08-01"
2005-08-02,0,0,2,"2005-08-01"
2005-08-03,3,0,3,"2005-08-01"
2005-08-04,3,0,3,"2005-08-01"
2005-08-05,3,0,3,"2005-08-01"
2005-08-06,3,0,3,"2005-08-01"
2005-08-07,3,1,3,"2005-08-01"
2005-08-08,4,2,3,"2005-08-01"
2005-08-09,4,2,3,"2005-08-01"
2005-08-10,4,3,3,"2005-08-01"
2005-08-11,5,4,3,"2005-08-01"
2005-08-12,7,7,3,"2005-08-01"
2005-08-13,8,8,4,"2005-08-01"
2005-08-14,8,8,5,"2005-08-01"
2005-08-15,9,9,5,"2005-08-01"
2005-08-16,10,9,5,"2005-08-01"
2005-08-17,10,10,5,"2005-08-01"
2005-08-18,10,10,5,"2005-08-01"
2005-08-19,10,11,5,"2005-08-01"
2005-08-20,10,11,5,"2005-08-01"
2005-08-21,10,11,5,"2005-08-01"
2005-08-22,10,11,5,"2005-08-01"
2005-08-23,10,12,5,"2005-08-01"
2005-08-24,10,13,5,"2005-08-01"
2005-08-25,11,14,5,"2005-08-01"
2005-08-26,12,14,5,"2005-08-01"
2005-08-27,12,15,6,"2005-08-01"
2005-08-28,12,15,6,"2005-08-01"
2005-08-29,12,15,6,"2005-08-01"
2005-08-30,12,15,6,"2005-08-01"
2005-08-31,12,15,6,"2005-08-01"
2005-09-01,0,0,0,"2005-09-01"
2005-09-02,0,0,0,"2005-09-01"
2005-09-03,2,1,0,"2005-09-01"
2005-09-04,2,2,0,"2005-09-01"
2005-09-05,2,3,0,"2005-09-01"
2005-09-06,3,6,1,"2005-09-01"
2005-09-07,3,7,1,"2005-09-01"
2005-09-08,3,8,1,"2005-09-01"
2005-09-09,3,8,1,"2005-09-01"
2005-09-10,3,8,2,"2005-09-01"
2005-09-11,3,8,2,"2005-09-01"
2005-09-12,3,8,2,"2005-09-01"
2005-09-13,3,8,2,"2005-09-01"
2005-09-14,4,9,2,"2005-09-01"
2005-09-15,4,11,2,"2005-09-01"
2005-09-16,5,12,2,"2005-09-01"
2005-09-17,5,12,2,"2005-09-01"
2005-09-18,5,13,3,"2005-09-01"
2005-09-19,5,14,3,"2005-09-01"
2005-09-20,6,14,3,"2005-09-01"
2005-09-21,8,14,3,"2005-09-01"
2005-09-22,8,14,3,"2005-09-01"
2005-09-23,8,14,3,"2005-09-01"
2005-09-24,8,15,3,"2005-09-01"
2005-09-25,8,16,5,"2005-09-01"
2005-09-26,9,17,5,"2005-09-01"
2005-09-27,9,18,5,"2005-09-01"
2005-09-28,10,19,5,"2005-09-01"
2005-09-29,10,21,6,"2005-09-01"
2005-09-30,10,23,6,"2005-09-01"
2005-10-01,1,1,0,"2005-10-01"
2005-10-02,1,1,0,"2005-10-01"
2005-10-03,1,2,0,"2005-10-01"
2005-10-04,3,5,0,"2005-10-01"
2005-10-05,3,5,0,"2005-10-01"
2005-10-06,5,5,0,"2005-10-01"
2005-10-07,5,5,0,"2005-10-01"
2005-10-08,5,5,0,"2005-10-01"
2005-10-09,5,6,0,"2005-10-01"
2005-10-10,5,6,0,"2005-10-01"
2005-10-11,5,6,0,"2005-10-01"
2005-10-12,5,7,0,"2005-10-01"
2005-10-13,5,8,0,"2005-10-01"
2005-10-14,5,9,0,"2005-10-01"
2005-10-15,5,9,0,"2005-10-01"
2005-10-16,5,9,0,"2005-10-01"
2005-10-17,6,9,0,"2005-10-01"
2005-10-18,6,9,0,"2005-10-01"
2005-10-19,6,9,0,"2005-10-01"
2005-10-20,6,9,0,"2005-10-01"
2005-10-21,6,9,0,"2005-10-01"
2005-10-22,6,9,0,"2005-10-01"
2005-10-23,6,9,0,"2005-10-01"
2005-10-24,7,9,0,"2005-10-01"
2005-10-25,9,11,0,"2005-10-01"
2005-10-26,9,11,0,"2005-10-01"
2005-10-27,9,14,1,"2005-10-01"
2005-10-28,10,14,1,"2005-10-01"
2005-10-29,10,15,1,"2005-10-01"
2005-10-30,10,15,2,"2005-10-01"
2005-10-31,10,17,2,"2005-10-01"
2005-11-01,0,0,1,"2005-11-01"
2005-11-02,0,1,1,"2005-11-01"
2005-11-03,0,1,2,"2005-11-01"
2005-11-04,0,2,2,"2005-11-01"
2005-11-05,0,2,2,"2005-11-01"
2005-11-06,0,2,2,"2005-11-01"
2005-11-07,1,3,2,"2005-11-01"
2005-11-08,3,3,3,"2005-11-01"
2005-11-09,3,3,4,"2005-11-01"
2005-11-10,4,3,4,"2005-11-01"
2005-11-11,4,3,4,"2005-11-01"
2005-11-12,4,4,4,"2005-11-01"
2005-11-13,5,6,4,"2005-11-01"
2005-11-14,5,6,4,"2005-11-01"
2005-11-15,5,6,4,"2005-11-01"
2005-11-16,5,9,4,"2005-11-01"
2005-11-17,5,10,4,"2005-11-01"
2005-11-18,5,10,4,"2005-11-01"
2005-11-19,5,11,4,"2005-11-01"
2005-11-20,6,11,5,"2005-11-01"
2005-11-21,6,11,5,"2005-11-01"
2005-11-22,6,12,5,"2005-11-01"
2005-11-23,6,12,5,"2005-11-01"
2005-11-24,6,12,5,"2005-11-01"
2005-11-25,6,12,5,"2005-11-01"
2005-11-26,6,12,5,"2005-11-01"
2005-11-27,6,13,5,"2005-11-01"
2005-11-28,6,13,5,"2005-11-01"
2005-11-29,7,13,5,"2005-11-01"
2005-11-30,8,14,5,"2005-11-01"
2005-12-01,0,0,0,"2005-12-01"
2005-12-02,1,0,0,"2005-12-01"
2005-12-03,1,0,0,"2005-12-01"
2005-12-04,1,0,1,"2005-12-01"
2005-12-05,2,1,1,"2005-12-01"
2005-12-06,2,2,1,"2005-12-01"
2005-12-07,2,2,2,"2005-12-01"
2005-12-08,2,2,2,"2005-12-01"
2005-12-09,2,2,2,"2005-12-01"
2005-12-10,3,2,2,"2005-12-01"
2005-12-11,3,2,2,"2005-12-01"
2005-12-12,4,3,2,"2005-12-01"
2005-12-13,4,3,2,"2005-12-01"
2005-12-14,4,5,2,"2005-12-01"
2005-12-15,4,5,2,"2005-12-01"
2005-12-16,4,5,2,"2005-12-01"
2005-12-17,5,5,2,"2005-12-01"
2005-12-18,5,6,2,"2005-12-01"
2005-12-19,5,7,2,"2005-12-01"
2005-12-20,5,7,2,"2005-12-01"
2005-12-21,5,8,2,"2005-12-01"
2005-12-22,5,9,2,"2005-12-01"
2005-12-23,5,9,2,"2005-12-01"
2005-12-24,5,9,2,"2005-12-01"
2005-12-25,5,9,2,"2005-12-01"
2005-12-26,5,9,2,"2005-12-01"
2005-12-27,6,9,2,"2005-12-01"
2005-12-28,6,9,2,"2005-12-01"
2005-12-29,6,9,2,"2005-12-01"
2005-12-30,6,9,2,"2005-12-01"
2005-12-31,6,9,2,"2005-12-01"
2006-01-01,0,1,0,"2006-01-01"
2006-01-02,0,2,0,"2006-01-01"
2006-01-03,0,2,0,"2006-01-01"
2006-01-04,1,2,0,"2006-01-01"
2006-01-05,2,2,0,"2006-01-01"
2006-01-06,2,5,0,"2006-01-01"
2006-01-07,2,5,0,"2006-01-01"
2006-01-08,2,5,0,"2006-01-01"
2006-01-09,3,5,0,"2006-01-01"
2006-01-10,3,5,0,"2006-01-01"
2006-01-11,3,6,0,"2006-01-01"
2006-01-12,3,7,0,"2006-01-01"
2006-01-13,3,8,0,"2006-01-01"
2006-01-14,3,8,0,"2006-01-01"
2006-01-15,3,9,0,"2006-01-01"
2006-01-16,3,9,0,"2006-01-01"
2006-01-17,3,9,0,"2006-01-01"
2006-01-18,3,9,0,"2006-01-01"
2006-01-19,3,9,0,"2006-01-01"
2006-01-20,3,9,0,"2006-01-01"
2006-01-21,3,9,0,"2006-01-01"
2006-01-22,3,9,0,"2006-01-01"
2006-01-23,3,9,0,"2006-01-01"
2006-01-24,3,9,0,"2006-01-01"
2006-01-25,3,9,0,"2006-01-01"
2006-01-26,4,10,0,"2006-01-01"
2006-01-27,4,11,0,"2006-01-01"
2006-01-28,4,11,0,"2006-01-01"
2006-01-29,4,13,0,"2006-01-01"
2006-01-30,4,13,0,"2006-01-01"
2006-01-31,5,14,0,"2006-01-01"
2006-02-01,0,0,0,"2006-02-01"
2006-02-02,1,0,0,"2006-02-01"
2006-02-03,2,1,0,"2006-02-01"
2006-02-04,2,2,0,"2006-02-01"
2006-02-05,2,2,0,"2006-02-01"
2006-02-06,2,2,0,"2006-02-01"
2006-02-07,2,2,0,"2006-02-01"
2006-02-08,3,5,0,"2006-02-01"
2006-02-09,4,5,0,"2006-02-01"
2006-02-10,4,6,1,"2006-02-01"
2006-02-11,6,6,2,"2006-02-01"
2006-02-12,8,6,2,"2006-02-01"
2006-02-13,8,6,2,"2006-02-01"
2006-02-14,10,7,2,"2006-02-01"
2006-02-15,10,8,2,"2006-02-01"
2006-02-16,10,8,2,"2006-02-01"
2006-02-17,10,8,2,"2006-02-01"
2006-02-18,10,8,3,"2006-02-01"
2006-02-19,10,8,3,"2006-02-01"
2006-02-20,10,8,3,"2006-02-01"
2006-02-21,11,8,3,"2006-02-01"
2006-02-22,11,8,5,"2006-02-01"
2006-02-23,11,8,6,"2006-02-01"
2006-02-24,12,8,6,"2006-02-01"
2006-02-25,12,8,6,"2006-02-01"
2006-02-26,13,8,6,"2006-02-01"
2006-02-27,13,8,6,"2006-02-01"
2006-02-28,13,8,7,"2006-02-01"
2006-03-01,0,0,0,"2006-03-01"
2006-03-02,0,0,0,"2006-03-01"
2006-03-03,0,0,0,"2006-03-01"
2006-03-04,0,1,1,"2006-03-01"
2006-03-05,0,1,1,"2006-03-01"
2006-03-06,0,1,1,"2006-03-01"
2006-03-07,1,2,1,"2006-03-01"
2006-03-08,2,3,1,"2006-03-01"
2006-03-09,2,4,1,"2006-03-01"
2006-03-10,2,6,1,"2006-03-01"
2006-03-11,2,6,1,"2006-03-01"
2006-03-12,2,6,1,"2006-03-01"
2006-03-13,2,6,1,"2006-03-01"
2006-03-14,2,6,1,"2006-03-01"
2006-03-15,2,6,1,"2006-03-01"
2006-03-16,2,6,1,"2006-03-01"
2006-03-17,4,6,1,"2006-03-01"
2006-03-18,5,6,1,"2006-03-01"
2006-03-19,6,6,1,"2006-03-01"
2006-03-20,7,6,1,"2006-03-01"
2006-03-21,8,6,1,"2006-03-01"
2006-03-22,8,7,1,"2006-03-01"
2006-03-23,9,7,2,"2006-03-01"
2006-03-24,9,7,3,"2006-03-01"
2006-03-25,10,8,3,"2006-03-01"
2006-03-26,10,8,3,"2006-03-01"
2006-03-27,10,9,3,"2006-03-01"
2006-03-28,11,9,3,"2006-03-01"
2006-03-29,11,9,3,"2006-03-01"
2006-03-30,12,9,4,"2006-03-01"
2006-03-31,12,9,4,"2006-03-01"
2006-04-01,0,1,0,"2006-04-01"
2006-04-02,0,1,0,"2006-04-01"
2006-04-03,0,1,0,"2006-04-01"
2006-04-04,1,1,0,"2006-04-01"
2006-04-05,1,1,0,"2006-04-01"
2006-04-06,3,1,0,"2006-04-01"
2006-04-07,3,1,0,"2006-04-01"
2006-04-08,3,2,0,"2006-04-01"
2006-04-09,3,2,0,"2006-04-01"
2006-04-10,4,2,1,"2006-04-01"
2006-04-11,4,3,2,"2006-04-01"
2006-04-12,5,5,2,"2006-04-01"
2006-04-13,6,5,2,"2006-04-01"
2006-04-14,6,5,2,"2006-04-01"
2006-04-15,6,6,2,"2006-04-01"
2006-04-16,6,7,2,"2006-04-01"
2006-04-17,6,7,3,"2006-04-01"
2006-04-18,6,8,3,"2006-04-01"
2006-04-19,7,8,3,"2006-04-01"
2006-04-20,7,9,3,"2006-04-01"
2006-04-21,7,10,4,"2006-04-01"
2006-04-22,8,10,4,"2006-04-01"
2006-04-23,9,10,4,"2006-04-01"
2006-04-24,10,10,4,"2006-04-01"
2006-04-25,10,10,4,"2006-04-01"
2006-04-26,10,11,4,"2006-04-01"
2006-04-27,10,11,4,"2006-04-01"
2006-04-28,10,12,4,"2006-04-01"
2006-04-29,10,12,4,"2006-04-01"
2006-04-30,10,12,4,"2006-04-01"
2006-05-01,1,0,0,"2006-05-01"
2006-05-02,2,2,1,"2006-05-01"
2006-05-03,3,3,2,"2006-05-01"
2006-05-04,3,5,2,"2006-05-01"
2006-05-05,3,5,2,"2006-05-01"
2006-05-06,3,6,2,"2006-05-01"
2006-05-07,3,6,2,"2006-05-01"
2006-05-08,4,9,2,"2006-05-01"
2006-05-09,6,9,3,"2006-05-01"
2006-05-10,6,9,3,"2006-05-01"
2006-05-11,6,9,3,"2006-05-01"
2006-05-12,6,9,3,"2006-05-01"
2006-05-13,6,9,3,"2006-05-01"
2006-05-14,6,9,3,"2006-05-01"
2006-05-15,8,10,3,"2006-05-01"
2006-05-16,8,10,4,"2006-05-01"
2006-05-17,8,11,4,"2006-05-01"
2006-05-18,8,13,4,"2006-05-01"
2006-05-19,8,13,4,"2006-05-01"
2006-05-20,8,13,4,"2006-05-01"
2006-05-21,8,13,4,"2006-05-01"
2006-05-22,10,14,4,"2006-05-01"
2006-05-23,10,14,4,"2006-05-01"
2006-05-24,10,14,4,"2006-05-01"
2006-05-25,10,15,4,"2006-05-01"
2006-05-26,10,17,4,"2006-05-01"
2006-05-27,10,17,4,"2006-05-01"
2006-05-28,10,18,4,"2006-05-01"
2006-05-29,10,18,4,"2006-05-01"
2006-05-30,10,18,4,"2006-05-01"
2006-05-31,11,18,4,"2006-05-01"
2006-06-01,2,1,0,"2006-06-01"
2006-06-02,4,1,0,"2006-06-01"
2006-06-03,4,1,0,"2006-06-01"
2006-06-04,4,2,0,"2006-06-01"
2006-06-05,6,2,0,"2006-06-01"
2006-06-06,7,2,0,"2006-06-01"
2006-06-07,8,3,0,"2006-06-01"
2006-06-08,8,3,0,"2006-06-01"
2006-06-09,8,4,1,"2006-06-01"
2006-06-10,8,4,1,"2006-06-01"
2006-06-11,9,4,1,"2006-06-01"
2006-06-12,11,4,1,"2006-06-01"
2006-06-13,11,6,1,"2006-06-01"
2006-06-14,11,6,1,"2006-06-01"
2006-06-15,11,7,1,"2006-06-01"
2006-06-16,12,7,1,"2006-06-01"
2006-06-17,12,7,1,"2006-06-01"
2006-06-18,12,8,1,"2006-06-01"
2006-06-19,14,9,1,"2006-06-01"
2006-06-20,14,10,1,"2006-06-01"
2006-06-21,14,10,1,"2006-06-01"
2006-06-22,15,10,1,"2006-06-01"
2006-06-23,15,10,1,"2006-06-01"
2006-06-24,15,10,1,"2006-06-01"
2006-06-25,15,11,1,"2006-06-01"
2006-06-26,15,13,1,"2006-06-01"
2006-06-27,15,14,1,"2006-06-01"
2006-06-28,15,14,1,"2006-06-01"
2006-06-29,15,14,1,"2006-06-01"
2006-06-30,16,15,1,"2006-06-01"
2006-07-01,1,0,0,"2006-07-01"
2006-07-02,1,0,0,"2006-07-01"
2006-07-03,2,0,0,"2006-07-01"
2006-07-04,2,0,0,"2006-07-01"
2006-07-05,2,0,0,"2006-07-01"
2006-07-06,3,0,0,"2006-07-01"
2006-07-07,4,0,0,"2006-07-01"
2006-07-08,4,0,0,"2006-07-01"
2006-07-09,4,0,1,"2006-07-01"
2006-07-10,4,0,1,"2006-07-01"
2006-07-11,5,0,1,"2006-07-01"
2006-07-12,6,0,1,"2006-07-01"
2006-07-13,6,3,1,"2006-07-01"
2006-07-14,6,3,1,"2006-07-01"
2006-07-15,6,3,1,"2006-07-01"
2006-07-16,7,3,1,"2006-07-01"
2006-07-17,9,3,1,"2006-07-01"
2006-07-18,9,3,1,"2006-07-01"
2006-07-19,10,8,1,"2006-07-01"
2006-07-20,10,9,1,"2006-07-01"
2006-07-21,10,11,1,"2006-07-01"
2006-07-22,10,11,1,"2006-07-01"
2006-07-23,10,11,1,"2006-07-01"
2006-07-24,10,12,1,"2006-07-01"
2006-07-25,10,12,1,"2006-07-01"
2006-07-26,10,12,1,"2006-07-01"
2006-07-27,11,12,1,"2006-07-01"
2006-07-28,12,12,1,"2006-07-01"
2006-07-29,12,12,2,"2006-07-01"
2006-07-30,12,13,2,"2006-07-01"
2006-07-31,12,13,2,"2006-07-01"
2006-08-01,1,0,2,"2006-08-01"
2006-08-02,1,1,2,"2006-08-01"
2006-08-03,2,1,2,"2006-08-01"
2006-08-04,2,1,2,"2006-08-01"
2006-08-05,2,2,2,"2006-08-01"
2006-08-06,2,2,2,"2006-08-01"
2006-08-07,2,2,2,"2006-08-01"
2006-08-08,3,3,2,"2006-08-01"
2006-08-09,3,4,2,"2006-08-01"
2006-08-10,4,4,3,"2006-08-01"
2006-08-11,4,4,4,"2006-08-01"
2006-08-12,4,4,4,"2006-08-01"
2006-08-13,4,5,4,"2006-08-01"
2006-08-14,4,5,4,"2006-08-01"
2006-08-15,4,5,4,"2006-08-01"
2006-08-16,5,5,4,"2006-08-01"
2006-08-17,6,5,4,"2006-08-01"
2006-08-18,6,6,4,"2006-08-01"
2006-08-19,6,6,4,"2006-08-01"
2006-08-20,6,7,4,"2006-08-01"
2006-08-21,6,8,4,"2006-08-01"
2006-08-22,6,10,4,"2006-08-01"
2006-08-23,6,10,4,"2006-08-01"
2006-08-24,9,11,4,"2006-08-01"
2006-08-25,9,11,4,"2006-08-01"
2006-08-26,9,11,4,"2006-08-01"
2006-08-27,9,11,4,"2006-08-01"
2006-08-28,10,11,5,"2006-08-01"
2006-08-29,11,12,5,"2006-08-01"
2006-08-30,12,12,5,"2006-08-01"
2006-08-31,12,12,6,"2006-08-01"
2006-09-01,0,1,2,"2006-09-01"
2006-09-02,0,1,2,"2006-09-01"
2006-09-03,0,1,2,"2006-09-01"
2006-09-04,1,2,2,"2006-09-01"
2006-09-05,1,2,2,"2006-09-01"
2006-09-06,1,4,2,"2006-09-01"
2006-09-07,1,4,2,"2006-09-01"
2006-09-08,1,5,3,"2006-09-01"
2006-09-09,1,6,3,"2006-09-01"
2006-09-10,1,6,3,"2006-09-01"
2006-09-11,1,6,4,"2006-09-01"
2006-09-12,2,7,4,"2006-09-01"
2006-09-13,2,9,4,"2006-09-01"
2006-09-14,5,11,4,"2006-09-01"
2006-09-15,6,14,5,"2006-09-01"
2006-09-16,6,15,5,"2006-09-01"
2006-09-17,6,15,5,"2006-09-01"
2006-09-18,6,15,7,"2006-09-01"
2006-09-19,8,15,7,"2006-09-01"
2006-09-20,8,15,7,"2006-09-01"
2006-09-21,8,15,7,"2006-09-01"
2006-09-22,8,15,8,"2006-09-01"
2006-09-23,8,15,9,"2006-09-01"
2006-09-24,9,15,10,"2006-09-01"
2006-09-25,9,16,10,"2006-09-01"
2006-09-26,9,16,10,"2006-09-01"
2006-09-27,10,19,11,"2006-09-01"
2006-09-28,10,19,11,"2006-09-01"
2006-09-29,11,19,11,"2006-09-01"
2006-09-30,11,19,11,"2006-09-01"
2006-10-01,0,1,0,"2006-10-01"
2006-10-02,1,1,0,"2006-10-01"
2006-10-03,1,1,0,"2006-10-01"
2006-10-04,2,1,0,"2006-10-01"
2006-10-05,3,2,0,"2006-10-01"
2006-10-06,4,3,0,"2006-10-01"
2006-10-07,6,5,0,"2006-10-01"
2006-10-08,6,5,0,"2006-10-01"
2006-10-09,6,6,0,"2006-10-01"
2006-10-10,6,7,1,"2006-10-01"
2006-10-11,6,9,1,"2006-10-01"
2006-10-12,6,10,1,"2006-10-01"
2006-10-13,6,11,1,"2006-10-01"
2006-10-14,6,11,1,"2006-10-01"
2006-10-15,6,11,1,"2006-10-01"
2006-10-16,6,11,1,"2006-10-01"
2006-10-17,6,12,1,"2006-10-01"
2006-10-18,7,12,1,"2006-10-01"
2006-10-19,7,13,1,"2006-10-01"
2006-10-20,9,14,2,"2006-10-01"
2006-10-21,9,14,3,"2006-10-01"
2006-10-22,9,14,3,"2006-10-01"
2006-10-23,9,14,3,"2006-10-01"
2006-10-24,9,15,3,"2006-10-01"
2006-10-25,9,15,4,"2006-10-01"
2006-10-26,9,18,4,"2006-10-01"
2006-10-27,9,19,4,"2006-10-01"
2006-10-28,9,19,4,"2006-10-01"
2006-10-29,10,19,4,"2006-10-01"
2006-10-30,10,19,4,"2006-10-01"
2006-10-31,10,21,4,"2006-10-01"
2006-11-01,0,1,0,"2006-11-01"
2006-11-02,0,1,0,"2006-11-01"
2006-11-03,0,1,0,"2006-11-01"
2006-11-04,0,1,0,"2006-11-01"
2006-11-05,0,1,0,"2006-11-01"
2006-11-06,0,3,0,"2006-11-01"
2006-11-07,1,3,0,"2006-11-01"
2006-11-08,1,3,0,"2006-11-01"
2006-11-09,2,3,0,"2006-11-01"
2006-11-10,3,3,0,"2006-11-01"
2006-11-11,3,3,0,"2006-11-01"
2006-11-12,3,3,0,"2006-11-01"
2006-11-13,3,3,1,"2006-11-01"
2006-11-14,3,3,2,"2006-11-01"
2006-11-15,4,5,2,"2006-11-01"
2006-11-16,4,5,2,"2006-11-01"
2006-11-17,4,6,2,"2006-11-01"
2006-11-18,4,6,2,"2006-11-01"
2006-11-19,4,6,2,"2006-11-01"
2006-11-20,4,6,2,"2006-11-01"
2006-11-21,4,6,2,"2006-11-01"
2006-11-22,6,6,3,"2006-11-01"
2006-11-23,6,6,4,"2006-11-01"
2006-11-24,8,6,4,"2006-11-01"
2006-11-25,9,6,4,"2006-11-01"
2006-11-26,9,6,4,"2006-11-01"
2006-11-27,9,6,4,"2006-11-01"
2006-11-28,9,6,5,"2006-11-01"
2006-11-29,9,6,5,"2006-11-01"
2006-11-30,9,6,5,"2006-11-01"
2006-12-01,0,0,0,"2006-12-01"
2006-12-02,0,0,0,"2006-12-01"
2006-12-03,1,0,0,"2006-12-01"
2006-12-04,2,0,0,"2006-12-01"
2006-12-05,3,0,1,"2006-12-01"
2006-12-06,3,2,1,"2006-12-01"
2006-12-07,3,3,1,"2006-12-01"
2006-12-08,3,3,1,"2006-12-01"
2006-12-09,3,3,1,"2006-12-01"
2006-12-10,3,3,1,"2006-12-01"
2006-12-11,3,4,1,"2006-12-01"
2006-12-12,3,4,2,"2006-12-01"
2006-12-13,4,4,2,"2006-12-01"
2006-12-14,4,5,2,"2006-12-01"
2006-12-15,5,5,2,"2006-12-01"
2006-12-16,7,5,4,"2006-12-01"
2006-12-17,7,5,4,"2006-12-01"
2006-12-18,8,5,4,"2006-12-01"
2006-12-19,9,5,4,"2006-12-01"
2006-12-20,9,5,4,"2006-12-01"
2006-12-21,9,5,4,"2006-12-01"
2006-12-22,9,5,4,"2006-12-01"
2006-12-23,9,5,4,"2006-12-01"
2006-12-24,10,6,4,"2006-12-01"
2006-12-25,10,6,4,"2006-12-01"
2006-12-26,10,6,4,"2006-12-01"
2006-12-27,10,6,5,"2006-12-01"
2006-12-28,10,6,5,"2006-12-01"
2006-12-29,11,6,5,"2006-12-01"
2006-12-30,11,6,5,"2006-12-01"
2006-12-31,11,6,5,"2006-12-01"
2007-01-01,0,0,0,"2007-01-01"
2007-01-02,0,0,0,"2007-01-01"
2007-01-03,1,0,0,"2007-01-01"
2007-01-04,2,0,0,"2007-01-01"
2007-01-05,2,0,0,"2007-01-01"
2007-01-06,2,0,0,"2007-01-01"
2007-01-07,2,0,0,"2007-01-01"
2007-01-08,3,0,1,"2007-01-01"
2007-01-09,5,1,1,"2007-01-01"
2007-01-10,5,2,1,"2007-01-01"
2007-01-11,5,3,1,"2007-01-01"
2007-01-12,5,3,1,"2007-01-01"
2007-01-13,5,3,1,"2007-01-01"
2007-01-14,5,3,2,"2007-01-01"
2007-01-15,5,3,2,"2007-01-01"
2007-01-16,5,3,2,"2007-01-01"
2007-01-17,8,3,2,"2007-01-01"
2007-01-18,8,3,2,"2007-01-01"
2007-01-19,8,4,2,"2007-01-01"
2007-01-20,8,4,2,"2007-01-01"
2007-01-21,9,6,2,"2007-01-01"
2007-01-22,11,6,2,"2007-01-01"
2007-01-23,11,6,3,"2007-01-01"
2007-01-24,12,6,3,"2007-01-01"
2007-01-25,12,7,3,"2007-01-01"
2007-01-26,14,7,3,"2007-01-01"
2007-01-27,14,7,3,"2007-01-01"
2007-01-28,14,7,3,"2007-01-01"
2007-01-29,14,7,3,"2007-01-01"
2007-01-30,14,7,3,"2007-01-01"
2007-01-31,16,7,3,"2007-01-01"
2007-02-01,0,0,0,"2007-02-01"
2007-02-02,3,0,0,"2007-02-01"
2007-02-03,3,0,0,"2007-02-01"
2007-02-04,3,0,0,"2007-02-01"
2007-02-05,3,1,1,"2007-02-01"
2007-02-06,3,1,2,"2007-02-01"
2007-02-07,3,1,2,"2007-02-01"
2007-02-08,3,1,2,"2007-02-01"
2007-02-09,3,1,2,"2007-02-01"
2007-02-10,3,1,2,"2007-02-01"
2007-02-11,3,1,3,"2007-02-01"
2007-02-12,4,1,3,"2007-02-01"
2007-02-13,4,1,3,"2007-02-01"
2007-02-14,5,1,3,"2007-02-01"
2007-02-15,5,1,3,"2007-02-01"
2007-02-16,5,2,4,"2007-02-01"
2007-02-17,5,4,4,"2007-02-01"
2007-02-18,5,5,4,"2007-02-01"
2007-02-19,5,6,5,"2007-02-01"
2007-02-20,5,8,5,"2007-02-01"
2007-02-21,6,8,5,"2007-02-01"
2007-02-22,7,8,5,"2007-02-01"
2007-02-23,8,8,5,"2007-02-01"
2007-02-24,10,8,5,"2007-02-01"
2007-02-25,10,8,5,"2007-02-01"
2007-02-26,10,9,5,"2007-02-01"
2007-02-27,10,9,5,"2007-02-01"
2007-02-28,10,9,6,"2007-02-01"
2007-03-01,0,0,0,"2007-03-01"
2007-03-02,0,0,0,"2007-03-01"
2007-03-03,0,2,0,"2007-03-01"
2007-03-04,0,2,0,"2007-03-01"
2007-03-05,0,3,1,"2007-03-01"
2007-03-06,0,4,1,"2007-03-01"
2007-03-07,0,5,1,"2007-03-01"
2007-03-08,0,5,1,"2007-03-01"
2007-03-09,0,5,1,"2007-03-01"
2007-03-10,1,5,1,"2007-03-01"
2007-03-11,2,5,1,"2007-03-01"
2007-03-12,2,7,1,"2007-03-01"
2007-03-13,2,8,1,"2007-03-01"
2007-03-14,2,8,1,"2007-03-01"
2007-03-15,3,9,1,"2007-03-01"
2007-03-16,4,10,1,"2007-03-01"
2007-03-17,4,10,1,"2007-03-01"
2007-03-18,4,10,1,"2007-03-01"
2007-03-19,4,10,1,"2007-03-01"
2007-03-20,5,10,1,"2007-03-01"
2007-03-21,5,10,1,"2007-03-01"
2007-03-22,5,10,1,"2007-03-01"
2007-03-23,7,10,1,"2007-03-01"
2007-03-24,7,11,1,"2007-03-01"
2007-03-25,9,12,1,"2007-03-01"
2007-03-26,9,12,1,"2007-03-01"
2007-03-27,10,14,1,"2007-03-01"
2007-03-28,10,14,1,"2007-03-01"
2007-03-29,13,14,1,"2007-03-01"
2007-03-30,13,14,2,"2007-03-01"
2007-03-31,13,14,2,"2007-03-01"
2007-04-01,1,0,0,"2007-04-01"
2007-04-02,3,0,0,"2007-04-01"
2007-04-03,3,2,0,"2007-04-01"
2007-04-04,3,4,0,"2007-04-01"
2007-04-05,3,6,0,"2007-04-01"
2007-04-06,4,7,0,"2007-04-01"
2007-04-07,4,7,1,"2007-04-01"
2007-04-08,4,7,1,"2007-04-01"
2007-04-09,7,9,2,"2007-04-01"
2007-04-10,7,10,2,"2007-04-01"
2007-04-11,7,12,2,"2007-04-01"
2007-04-12,7,13,3,"2007-04-01"
2007-04-13,7,14,3,"2007-04-01"
2007-04-14,7,14,3,"2007-04-01"
2007-04-15,8,14,3,"2007-04-01"
2007-04-16,8,14,3,"2007-04-01"
2007-04-17,10,14,3,"2007-04-01"
2007-04-18,11,14,3,"2007-04-01"
2007-04-19,11,15,3,"2007-04-01"
2007-04-20,11,16,3,"2007-04-01"
2007-04-21,12,17,3,"2007-04-01"
2007-04-22,12,17,3,"2007-04-01"
2007-04-23,12,18,3,"2007-04-01"
2007-04-24,14,18,3,"2007-04-01"
2007-04-25,14,18,3,"2007-04-01"
2007-04-26,15,18,3,"2007-04-01"
2007-04-27,15,19,4,"2007-04-01"
2007-04-28,16,20,4,"2007-04-01"
2007-04-29,17,20,4,"2007-04-01"
2007-04-30,19,20,4,"2007-04-01"
2007-05-01,0,0,0,"2007-05-01"
2007-05-02,0,0,0,"2007-05-01"
2007-05-03,0,0,1,"2007-05-01"
2007-05-04,1,0,1,"2007-05-01"
2007-05-05,2,1,2,"2007-05-01"
2007-05-06,2,1,2,"2007-05-01"
2007-05-07,2,1,2,"2007-05-01"
2007-05-08,2,1,4,"2007-05-01"
2007-05-09,2,2,4,"2007-05-01"
2007-05-10,4,2,4,"2007-05-01"
2007-05-11,5,4,4,"2007-05-01"
2007-05-12,5,5,4,"2007-05-01"
2007-05-13,5,5,4,"2007-05-01"
2007-05-14,5,6,4,"2007-05-01"
2007-05-15,5,6,4,"2007-05-01"
2007-05-16,6,7,4,"2007-05-01"
2007-05-17,9,8,4,"2007-05-01"
2007-05-18,9,9,4,"2007-05-01"
2007-05-19,11,9,4,"2007-05-01"
2007-05-20,11,9,4,"2007-05-01"
2007-05-21,11,9,4,"2007-05-01"
2007-05-22,13,10,4,"2007-05-01"
2007-05-23,14,12,4,"2007-05-01"
2007-05-24,15,12,5,"2007-05-01"
2007-05-25,17,14,5,"2007-05-01"
2007-05-26,17,14,5,"2007-05-01"
2007-05-27,17,15,5,"2007-05-01"
2007-05-28,17,16,5,"2007-05-01"
2007-05-29,18,17,5,"2007-05-01"
2007-05-30,18,19,5,"2007-05-01"
2007-05-31,18,19,5,"2007-05-01"
2007-06-01,0,0,0,"2007-06-01"
2007-06-02,1,1,0,"2007-06-01"
2007-06-03,1,1,0,"2007-06-01"
2007-06-04,1,2,0,"2007-06-01"
2007-06-05,1,3,1,"2007-06-01"
2007-06-06,1,4,1,"2007-06-01"
2007-06-07,2,6,1,"2007-06-01"
2007-06-08,3,7,1,"2007-06-01"
2007-06-09,5,9,1,"2007-06-01"
2007-06-10,5,10,1,"2007-06-01"
2007-06-11,5,10,2,"2007-06-01"
2007-06-12,7,10,3,"2007-06-01"
2007-06-13,7,11,5,"2007-06-01"
2007-06-14,8,11,5,"2007-06-01"
2007-06-15,8,11,5,"2007-06-01"
2007-06-16,9,11,5,"2007-06-01"
2007-06-17,10,11,5,"2007-06-01"
2007-06-18,10,13,5,"2007-06-01"
2007-06-19,11,13,5,"2007-06-01"
2007-06-20,11,13,5,"2007-06-01"
2007-06-21,13,13,6,"2007-06-01"
2007-06-22,13,13,10,"2007-06-01"
2007-06-23,13,13,10,"2007-06-01"
2007-06-24,14,14,11,"2007-06-01"
2007-06-25,16,14,11,"2007-06-01"
2007-06-26,17,16,11,"2007-06-01"
2007-06-27,19,17,11,"2007-06-01"
2007-06-28,19,18,11,"2007-06-01"
2007-06-29,19,18,11,"2007-06-01"
2007-06-30,19,19,12,"2007-06-01"
2007-07-01,0,1,0,"2007-07-01"
2007-07-02,1,2,0,"2007-07-01"
2007-07-03,2,2,1,"2007-07-01"
2007-07-04,2,2,1,"2007-07-01"
2007-07-05,2,2,1,"2007-07-01"
2007-07-06,2,3,1,"2007-07-01"
2007-07-07,2,3,1,"2007-07-01"
2007-07-08,2,4,1,"2007-07-01"
2007-07-09,2,4,1,"2007-07-01"
2007-07-10,2,8,1,"2007-07-01"
2007-07-11,5,8,1,"2007-07-01"
2007-07-12,5,8,1,"2007-07-01"
2007-07-13,6,9,1,"2007-07-01"
2007-07-14,6,9,2,"2007-07-01"
2007-07-15,7,9,2,"2007-07-01"
2007-07-16,8,9,2,"2007-07-01"
2007-07-17,10,9,2,"2007-07-01"
2007-07-18,12,10,2,"2007-07-01"
2007-07-19,13,11,2,"2007-07-01"
2007-07-20,15,12,2,"2007-07-01"
2007-07-21,15,12,2,"2007-07-01"
2007-07-22,15,12,2,"2007-07-01"
2007-07-23,17,12,2,"2007-07-01"
2007-07-24,17,13,2,"2007-07-01"
2007-07-25,17,13,2,"2007-07-01"
2007-07-26,18,15,2,"2007-07-01"
2007-07-27,18,15,2,"2007-07-01"
2007-07-28,18,15,2,"2007-07-01"
2007-07-29,18,16,3,"2007-07-01"
2007-07-30,18,16,3,"2007-07-01"
2007-07-31,20,17,3,"2007-07-01"
2007-08-01,1,1,0,"2007-08-01"
2007-08-02,1,3,0,"2007-08-01"
2007-08-03,1,3,0,"2007-08-01"
2007-08-04,2,3,0,"2007-08-01"
2007-08-05,2,3,0,"2007-08-01"
2007-08-06,2,3,0,"2007-08-01"
2007-08-07,3,5,0,"2007-08-01"
2007-08-08,3,5,0,"2007-08-01"
2007-08-09,3,6,0,"2007-08-01"
2007-08-10,3,6,1,"2007-08-01"
2007-08-11,3,7,1,"2007-08-01"
2007-08-12,4,8,1,"2007-08-01"
2007-08-13,4,9,1,"2007-08-01"
2007-08-14,4,10,1,"2007-08-01"
2007-08-15,6,10,2,"2007-08-01"
2007-08-16,6,10,2,"2007-08-01"
2007-08-17,7,12,2,"2007-08-01"
2007-08-18,8,13,2,"2007-08-01"
2007-08-19,8,13,2,"2007-08-01"
2007-08-20,13,14,2,"2007-08-01"
2007-08-21,13,15,2,"2007-08-01"
2007-08-22,17,16,2,"2007-08-01"
2007-08-23,19,18,2,"2007-08-01"
2007-08-24,19,18,2,"2007-08-01"
2007-08-25,19,18,2,"2007-08-01"
2007-08-26,19,18,2,"2007-08-01"
2007-08-27,20,18,2,"2007-08-01"
2007-08-28,21,21,4,"2007-08-01"
2007-08-29,21,22,4,"2007-08-01"
2007-08-30,21,22,5,"2007-08-01"
2007-08-31,22,22,6,"2007-08-01"
2007-09-01,0,0,0,"2007-09-01"
2007-09-02,0,0,0,"2007-09-01"
2007-09-03,0,0,0,"2007-09-01"
2007-09-04,0,0,0,"2007-09-01"
2007-09-05,3,0,0,"2007-09-01"
2007-09-06,3,0,0,"2007-09-01"
2007-09-07,3,3,0,"2007-09-01"
2007-09-08,3,3,0,"2007-09-01"
2007-09-09,4,5,0,"2007-09-01"
2007-09-10,5,5,0,"2007-09-01"
2007-09-11,8,5,1,"2007-09-01"
2007-09-12,11,6,1,"2007-09-01"
2007-09-13,11,6,1,"2007-09-01"
2007-09-14,12,8,1,"2007-09-01"
2007-09-15,13,8,1,"2007-09-01"
2007-09-16,13,8,1,"2007-09-01"
2007-09-17,13,9,1,"2007-09-01"
2007-09-18,13,9,2,"2007-09-01"
2007-09-19,13,10,2,"2007-09-01"
2007-09-20,13,11,2,"2007-09-01"
2007-09-21,13,15,2,"2007-09-01"
2007-09-22,13,15,2,"2007-09-01"
2007-09-23,14,16,2,"2007-09-01"
2007-09-24,15,17,3,"2007-09-01"
2007-09-25,17,17,3,"2007-09-01"
2007-09-26,18,19,4,"2007-09-01"
2007-09-27,18,20,4,"2007-09-01"
2007-09-28,18,20,4,"2007-09-01"
2007-09-29,18,21,4,"2007-09-01"
2007-09-30,20,21,4,"2007-09-01"
2007-10-01,1,1,0,"2007-10-01"
2007-10-02,4,1,0,"2007-10-01"
2007-10-03,5,3,0,"2007-10-01"
2007-10-04,6,4,1,"2007-10-01"
2007-10-05,7,5,2,"2007-10-01"
2007-10-06,8,6,2,"2007-10-01"
2007-10-07,8,7,2,"2007-10-01"
2007-10-08,8,7,2,"2007-10-01"
2007-10-09,9,7,2,"2007-10-01"
2007-10-10,10,7,3,"2007-10-01"
2007-10-11,10,8,3,"2007-10-01"
2007-10-12,10,8,3,"2007-10-01"
2007-10-13,10,9,4,"2007-10-01"
2007-10-14,10,9,4,"2007-10-01"
2007-10-15,11,9,4,"2007-10-01"
2007-10-16,11,9,4,"2007-10-01"
2007-10-17,11,10,4,"2007-10-01"
2007-10-18,11,10,4,"2007-10-01"
2007-10-19,11,11,4,"2007-10-01"
2007-10-20,11,12,4,"2007-10-01"
2007-10-21,11,13,4,"2007-10-01"
2007-10-22,13,13,5,"2007-10-01"
2007-10-23,13,15,5,"2007-10-01"
2007-10-24,14,15,5,"2007-10-01"
2007-10-25,14,16,5,"2007-10-01"
2007-10-26,15,16,5,"2007-10-01"
2007-10-27,16,17,5,"2007-10-01"
2007-10-28,17,17,5,"2007-10-01"
2007-10-29,18,18,5,"2007-10-01"
2007-10-30,18,18,5,"2007-10-01"
2007-10-31,18,18,5,"2007-10-01"
2007-11-01,0,0,0,"2007-11-01"
2007-11-02,0,0,0,"2007-11-01"
2007-11-03,0,0,0,"2007-11-01"
2007-11-04,0,1,0,"2007-11-01"
2007-11-05,1,1,0,"2007-11-01"
2007-11-06,1,1,0,"2007-11-01"
2007-11-07,1,1,1,"2007-11-01"
2007-11-08,1,2,1,"2007-11-01"
2007-11-09,1,2,2,"2007-11-01"
2007-11-10,1,3,2,"2007-11-01"
2007-11-11,2,3,2,"2007-11-01"
2007-11-12,3,4,2,"2007-11-01"
2007-11-13,5,4,2,"2007-11-01"
2007-11-14,5,4,2,"2007-11-01"
2007-11-15,5,5,2,"2007-11-01"
2007-11-16,5,5,2,"2007-11-01"
2007-11-17,5,5,2,"2007-11-01"
2007-11-18,6,6,3,"2007-11-01"
2007-11-19,7,7,3,"2007-11-01"
2007-11-20,7,7,3,"2007-11-01"
2007-11-21,8,7,3,"2007-11-01"
2007-11-22,8,7,3,"2007-11-01"
2007-11-23,8,9,3,"2007-11-01"
2007-11-24,8,9,3,"2007-11-01"
2007-11-25,8,10,3,"2007-11-01"
2007-11-26,9,11,3,"2007-11-01"
2007-11-27,10,11,3,"2007-11-01"
2007-11-28,11,11,3,"2007-11-01"
2007-11-29,11,12,3,"2007-11-01"
2007-11-30,11,12,4,"2007-11-01"
2007-12-01,0,0,0,"2007-12-01"
2007-12-02,0,0,0,"2007-12-01"
2007-12-03,0,0,0,"2007-12-01"
2007-12-04,0,0,0,"2007-12-01"
2007-12-05,1,1,0,"2007-12-01"
2007-12-06,2,1,0,"2007-12-01"
2007-12-07,2,1,0,"2007-12-01"
2007-12-08,3,1,0,"2007-12-01"
2007-12-09,3,1,0,"2007-12-01"
2007-12-10,4,1,0,"2007-12-01"
2007-12-11,4,2,0,"2007-12-01"
2007-12-12,5,4,0,"2007-12-01"
2007-12-13,5,4,0,"2007-12-01"
2007-12-14,5,5,1,"2007-12-01"
2007-12-15,5,5,1,"2007-12-01"
2007-12-16,5,6,2,"2007-12-01"
2007-12-17,5,8,2,"2007-12-01"
2007-12-18,5,8,2,"2007-12-01"
2007-12-19,6,9,2,"2007-12-01"
2007-12-20,6,9,2,"2007-12-01"
2007-12-21,9,9,3,"2007-12-01"
2007-12-22,9,9,3,"2007-12-01"
2007-12-23,9,9,3,"2007-12-01"
2007-12-24,10,9,3,"2007-12-01"
2007-12-25,10,9,3,"2007-12-01"
2007-12-26,10,10,3,"2007-12-01"
2007-12-27,10,11,3,"2007-12-01"
2007-12-28,10,11,3,"2007-12-01"
2007-12-29,10,11,3,"2007-12-01"
2007-12-30,10,12,3,"2007-12-01"
2007-12-31,10,12,3,"2007-12-01"
2008-01-01,1,0,0,"2008-01-01"
2008-01-02,1,0,0,"2008-01-01"
2008-01-03,1,0,0,"2008-01-01"
2008-01-04,2,0,0,"2008-01-01"
2008-01-05,2,0,0,"2008-01-01"
2008-01-06,2,0,0,"2008-01-01"
2008-01-07,3,0,0,"2008-01-01"
2008-01-08,3,1,0,"2008-01-01"
2008-01-09,3,1,0,"2008-01-01"
2008-01-10,3,4,0,"2008-01-01"
2008-01-11,3,4,0,"2008-01-01"
2008-01-12,3,4,0,"2008-01-01"
2008-01-13,3,4,0,"2008-01-01"
2008-01-14,3,5,0,"2008-01-01"
2008-01-15,4,5,1,"2008-01-01"
2008-01-16,5,5,1,"2008-01-01"
2008-01-17,5,6,1,"2008-01-01"
2008-01-18,5,6,1,"2008-01-01"
2008-01-19,5,6,1,"2008-01-01"
2008-01-20,5,6,1,"2008-01-01"
2008-01-21,5,6,1,"2008-01-01"
2008-01-22,5,7,1,"2008-01-01"
2008-01-23,5,7,1,"2008-01-01"
2008-01-24,5,8,2,"2008-01-01"
2008-01-25,6,8,2,"2008-01-01"
2008-01-26,6,8,2,"2008-01-01"
2008-01-27,6,8,2,"2008-01-01"
2008-01-28,6,8,2,"2008-01-01"
2008-01-29,6,8,2,"2008-01-01"
2008-01-30,6,9,2,"2008-01-01"
2008-01-31,6,9,2,"2008-01-01"
2008-02-01,1,0,0,"2008-02-01"
2008-02-02,1,1,0,"2008-02-01"
2008-02-03,2,1,0,"2008-02-01"
2008-02-04,4,1,0,"2008-02-01"
2008-02-05,6,2,0,"2008-02-01"
2008-02-06,7,3,0,"2008-02-01"
2008-02-07,10,4,0,"2008-02-01"
2008-02-08,13,4,0,"2008-02-01"
2008-02-09,14,4,0,"2008-02-01"
2008-02-10,14,5,0,"2008-02-01"
2008-02-11,14,5,0,"2008-02-01"
2008-02-12,14,5,0,"2008-02-01"
2008-02-13,14,5,1,"2008-02-01"
2008-02-14,14,7,1,"2008-02-01"
2008-02-15,14,8,1,"2008-02-01"
2008-02-16,14,8,1,"2008-02-01"
2008-02-17,14,8,1,"2008-02-01"
2008-02-18,14,8,1,"2008-02-01"
2008-02-19,14,8,1,"2008-02-01"
2008-02-20,14,8,2,"2008-02-01"
2008-02-21,14,9,2,"2008-02-01"
2008-02-22,14,12,2,"2008-02-01"
2008-02-23,14,12,2,"2008-02-01"
2008-02-24,14,13,2,"2008-02-01"
2008-02-25,16,13,2,"2008-02-01"
2008-02-26,18,13,2,"2008-02-01"
2008-02-27,18,13,2,"2008-02-01"
2008-02-28,18,13,2,"2008-02-01"
2008-02-29,19,14,2,"2008-02-01"
2008-03-01,0,0,0,"2008-03-01"
2008-03-02,0,2,0,"2008-03-01"
2008-03-03,1,2,0,"2008-03-01"
2008-03-04,2,2,1,"2008-03-01"
2008-03-05,2,3,1,"2008-03-01"
2008-03-06,3,3,1,"2008-03-01"
2008-03-07,3,4,1,"2008-03-01"
2008-03-08,5,4,1,"2008-03-01"
2008-03-09,8,6,1,"2008-03-01"
2008-03-10,9,7,2,"2008-03-01"
2008-03-11,10,7,2,"2008-03-01"
2008-03-12,10,7,2,"2008-03-01"
2008-03-13,11,8,2,"2008-03-01"
2008-03-14,11,8,3,"2008-03-01"
2008-03-15,11,8,3,"2008-03-01"
2008-03-16,11,9,4,"2008-03-01"
2008-03-17,12,9,4,"2008-03-01"
2008-03-18,14,10,4,"2008-03-01"
2008-03-19,15,11,4,"2008-03-01"
2008-03-20,15,13,4,"2008-03-01"
2008-03-21,16,13,4,"2008-03-01"
2008-03-22,16,13,4,"2008-03-01"
2008-03-23,17,14,4,"2008-03-01"
2008-03-24,18,15,4,"2008-03-01"
2008-03-25,18,15,4,"2008-03-01"
2008-03-26,20,15,4,"2008-03-01"
2008-03-27,20,15,5,"2008-03-01"
2008-03-28,21,15,5,"2008-03-01"
2008-03-29,22,15,6,"2008-03-01"
2008-03-30,22,15,6,"2008-03-01"
2008-03-31,22,17,6,"2008-03-01"
2008-04-01,0,0,0,"2008-04-01"
2008-04-02,1,1,0,"2008-04-01"
2008-04-03,3,2,0,"2008-04-01"
2008-04-04,3,2,1,"2008-04-01"
2008-04-05,3,3,1,"2008-04-01"
2008-04-06,4,3,1,"2008-04-01"
2008-04-07,5,3,1,"2008-04-01"
2008-04-08,5,4,1,"2008-04-01"
2008-04-09,5,4,1,"2008-04-01"
2008-04-10,5,5,1,"2008-04-01"
2008-04-11,5,5,1,"2008-04-01"
2008-04-12,6,7,1,"2008-04-01"
2008-04-13,6,9,1,"2008-04-01"
2008-04-14,6,11,1,"2008-04-01"
2008-04-15,7,11,2,"2008-04-01"
2008-04-16,8,12,3,"2008-04-01"
2008-04-17,9,12,4,"2008-04-01"
2008-04-18,9,13,4,"2008-04-01"
2008-04-19,9,14,4,"2008-04-01"
2008-04-20,9,14,4,"2008-04-01"
2008-04-21,9,14,4,"2008-04-01"
2008-04-22,9,15,4,"2008-04-01"
2008-04-23,9,16,5,"2008-04-01"
2008-04-24,9,16,5,"2008-04-01"
2008-04-25,9,18,5,"2008-04-01"
2008-04-26,10,19,5,"2008-04-01"
2008-04-27,10,19,5,"2008-04-01"
2008-04-28,11,20,5,"2008-04-01"
2008-04-29,11,21,5,"2008-04-01"
2008-04-30,11,21,5,"2008-04-01"
2008-05-01,1,0,0,"2008-05-01"
2008-05-02,1,0,0,"2008-05-01"
2008-05-03,1,0,0,"2008-05-01"
2008-05-04,1,0,0,"2008-05-01"
2008-05-05,3,0,1,"2008-05-01"
2008-05-06,4,0,1,"2008-05-01"
2008-05-07,4,0,2,"2008-05-01"
2008-05-08,5,0,3,"2008-05-01"
2008-05-09,5,1,3,"2008-05-01"
2008-05-10,5,1,3,"2008-05-01"
2008-05-11,5,1,3,"2008-05-01"
2008-05-12,6,1,3,"2008-05-01"
2008-05-13,6,1,3,"2008-05-01"
2008-05-14,7,3,3,"2008-05-01"
2008-05-15,8,3,3,"2008-05-01"
2008-05-16,8,6,3,"2008-05-01"
2008-05-17,9,6,5,"2008-05-01"
2008-05-18,10,7,5,"2008-05-01"
2008-05-19,10,7,6,"2008-05-01"
2008-05-20,10,9,6,"2008-05-01"
2008-05-21,11,9,7,"2008-05-01"
2008-05-22,11,9,7,"2008-05-01"
2008-05-23,13,10,7,"2008-05-01"
2008-05-24,13,10,8,"2008-05-01"
2008-05-25,13,10,8,"2008-05-01"
2008-05-26,14,10,8,"2008-05-01"
2008-05-27,14,11,8,"2008-05-01"
2008-05-28,15,13,8,"2008-05-01"
2008-05-29,15,13,8,"2008-05-01"
2008-05-30,16,13,8,"2008-05-01"
2008-05-31,16,14,8,"2008-05-01"
2008-06-01,0,0,0,"2008-06-01"
2008-06-02,0,0,1,"2008-06-01"
2008-06-03,0,0,1,"2008-06-01"
2008-06-04,2,0,1,"2008-06-01"
2008-06-05,2,1,1,"2008-06-01"
2008-06-06,2,1,2,"2008-06-01"
2008-06-07,2,1,2,"2008-06-01"
2008-06-08,2,3,3,"2008-06-01"
2008-06-09,4,4,3,"2008-06-01"
2008-06-10,4,4,3,"2008-06-01"
2008-06-11,4,4,4,"2008-06-01"
2008-06-12,4,5,5,"2008-06-01"
2008-06-13,5,5,5,"2008-06-01"
2008-06-14,5,6,5,"2008-06-01"
2008-06-15,5,6,5,"2008-06-01"
2008-06-16,6,6,5,"2008-06-01"
2008-06-17,7,6,5,"2008-06-01"
2008-06-18,7,6,5,"2008-06-01"
2008-06-19,8,6,6,"2008-06-01"
2008-06-20,8,6,6,"2008-06-01"
2008-06-21,10,7,6,"2008-06-01"
2008-06-22,10,8,6,"2008-06-01"
2008-06-23,10,9,6,"2008-06-01"
2008-06-24,11,9,6,"2008-06-01"
2008-06-25,11,10,6,"2008-06-01"
2008-06-26,12,12,6,"2008-06-01"
2008-06-27,12,13,6,"2008-06-01"
2008-06-28,13,13,6,"2008-06-01"
2008-06-29,13,14,7,"2008-06-01"
2008-06-30,13,14,8,"2008-06-01"
2008-07-01,0,1,0,"2008-07-01"
2008-07-02,1,1,0,"2008-07-01"
2008-07-03,1,2,0,"2008-07-01"
2008-07-04,1,2,1,"2008-07-01"
2008-07-05,2,2,2,"2008-07-01"
2008-07-06,3,2,2,"2008-07-01"
2008-07-07,3,2,2,"2008-07-01"
2008-07-08,3,3,2,"2008-07-01"
2008-07-09,4,4,2,"2008-07-01"
2008-07-10,5,5,2,"2008-07-01"
2008-07-11,6,5,2,"2008-07-01"
2008-07-12,8,5,4,"2008-07-01"
2008-07-13,8,7,4,"2008-07-01"
2008-07-14,8,8,4,"2008-07-01"
2008-07-15,8,10,6,"2008-07-01"
2008-07-16,8,10,6,"2008-07-01"
2008-07-17,8,11,6,"2008-07-01"
2008-07-18,9,12,6,"2008-07-01"
2008-07-19,9,13,6,"2008-07-01"
2008-07-20,10,13,6,"2008-07-01"
2008-07-21,11,13,6,"2008-07-01"
2008-07-22,11,14,6,"2008-07-01"
2008-07-23,11,16,6,"2008-07-01"
2008-07-24,13,16,7,"2008-07-01"
2008-07-25,13,17,7,"2008-07-01"
2008-07-26,13,20,8,"2008-07-01"
2008-07-27,15,20,9,"2008-07-01"
2008-07-28,15,21,9,"2008-07-01"
2008-07-29,17,22,9,"2008-07-01"
2008-07-30,18,23,9,"2008-07-01"
2008-07-31,19,23,9,"2008-07-01"
2008-08-01,1,0,0,"2008-08-01"
2008-08-02,1,1,0,"2008-08-01"
2008-08-03,1,1,0,"2008-08-01"
2008-08-04,1,2,0,"2008-08-01"
2008-08-05,2,2,0,"2008-08-01"
2008-08-06,2,2,0,"2008-08-01"
2008-08-07,2,4,0,"2008-08-01"
2008-08-08,3,4,0,"2008-08-01"
2008-08-09,3,4,0,"2008-08-01"
2008-08-10,3,4,0,"2008-08-01"
2008-08-11,3,4,0,"2008-08-01"
2008-08-12,4,4,0,"2008-08-01"
2008-08-13,4,5,0,"2008-08-01"
2008-08-14,4,5,0,"2008-08-01"
2008-08-15,4,7,0,"2008-08-01"
2008-08-16,4,7,0,"2008-08-01"
2008-08-17,4,7,0,"2008-08-01"
2008-08-18,6,8,0,"2008-08-01"
2008-08-19,10,8,0,"2008-08-01"
2008-08-20,11,8,0,"2008-08-01"
2008-08-21,13,9,0,"2008-08-01"
2008-08-22,13,10,0,"2008-08-01"
2008-08-23,13,11,0,"2008-08-01"
2008-08-24,13,11,0,"2008-08-01"
2008-08-25,14,11,0,"2008-08-01"
2008-08-26,14,11,0,"2008-08-01"
2008-08-27,16,13,0,"2008-08-01"
2008-08-28,17,13,1,"2008-08-01"
2008-08-29,17,13,2,"2008-08-01"
2008-08-30,17,13,2,"2008-08-01"
2008-08-31,17,13,2,"2008-08-01"
2008-09-01,0,1,0,"2008-09-01"
2008-09-02,1,1,0,"2008-09-01"
2008-09-03,2,1,0,"2008-09-01"
2008-09-04,3,2,0,"2008-09-01"
2008-09-05,4,5,0,"2008-09-01"
2008-09-06,4,8,0,"2008-09-01"
2008-09-07,4,8,0,"2008-09-01"
2008-09-08,5,9,0,"2008-09-01"
2008-09-09,7,10,0,"2008-09-01"
2008-09-10,8,12,0,"2008-09-01"
2008-09-11,9,13,0,"2008-09-01"
2008-09-12,10,15,0,"2008-09-01"
2008-09-13,10,17,0,"2008-09-01"
2008-09-14,11,19,0,"2008-09-01"
2008-09-15,12,20,0,"2008-09-01"
2008-09-16,13,20,1,"2008-09-01"
2008-09-17,14,21,1,"2008-09-01"
2008-09-18,16,23,1,"2008-09-01"
2008-09-19,16,23,1,"2008-09-01"
2008-09-20,17,23,1,"2008-09-01"
2008-09-21,17,23,1,"2008-09-01"
2008-09-22,17,23,1,"2008-09-01"
2008-09-23,17,24,2,"2008-09-01"
2008-09-24,17,24,2,"2008-09-01"
2008-09-25,17,24,2,"2008-09-01"
2008-09-26,17,25,4,"2008-09-01"
2008-09-27,19,28,4,"2008-09-01"
2008-09-28,19,29,4,"2008-09-01"
2008-09-29,20,29,4,"2008-09-01"
2008-09-30,21,29,4,"2008-09-01"
2008-10-01,1,0,0,"2008-10-01"
2008-10-02,2,0,0,"2008-10-01"
2008-10-03,2,0,0,"2008-10-01"
2008-10-04,2,1,0,"2008-10-01"
2008-10-05,3,2,0,"2008-10-01"
2008-10-06,4,2,0,"2008-10-01"
2008-10-07,6,4,0,"2008-10-01"
2008-10-08,6,6,0,"2008-10-01"
2008-10-09,6,7,0,"2008-10-01"
2008-10-10,7,9,0,"2008-10-01"
2008-10-11,7,10,0,"2008-10-01"
2008-10-12,8,10,0,"2008-10-01"
2008-10-13,9,10,0,"2008-10-01"
2008-10-14,9,11,0,"2008-10-01"
2008-10-15,10,11,1,"2008-10-01"
2008-10-16,10,13,1,"2008-10-01"
2008-10-17,13,16,2,"2008-10-01"
2008-10-18,13,17,3,"2008-10-01"
2008-10-19,13,18,4,"2008-10-01"
2008-10-20,14,18,4,"2008-10-01"
2008-10-21,15,18,4,"2008-10-01"
2008-10-22,15,18,4,"2008-10-01"
2008-10-23,15,19,4,"2008-10-01"
2008-10-24,17,19,4,"2008-10-01"
2008-10-25,17,20,4,"2008-10-01"
2008-10-26,18,20,4,"2008-10-01"
2008-10-27,19,20,4,"2008-10-01"
2008-10-28,19,20,4,"2008-10-01"
2008-10-29,22,21,4,"2008-10-01"
2008-10-30,22,22,4,"2008-10-01"
2008-10-31,22,22,4,"2008-10-01"
2008-11-01,0,0,0,"2008-11-01"
2008-11-02,0,0,0,"2008-11-01"
2008-11-03,0,0,1,"2008-11-01"
2008-11-04,2,1,1,"2008-11-01"
2008-11-05,2,1,1,"2008-11-01"
2008-11-06,3,2,2,"2008-11-01"
2008-11-07,5,2,2,"2008-11-01"
2008-11-08,6,2,4,"2008-11-01"
2008-11-09,6,3,4,"2008-11-01"
2008-11-10,6,3,4,"2008-11-01"
2008-11-11,6,3,4,"2008-11-01"
2008-11-12,8,4,4,"2008-11-01"
2008-11-13,8,5,4,"2008-11-01"
2008-11-14,8,6,4,"2008-11-01"
2008-11-15,9,6,5,"2008-11-01"
2008-11-16,10,7,5,"2008-11-01"
2008-11-17,13,7,5,"2008-11-01"
2008-11-18,14,7,5,"2008-11-01"
2008-11-19,14,7,5,"2008-11-01"
2008-11-20,15,8,5,"2008-11-01"
2008-11-21,15,8,6,"2008-11-01"
2008-11-22,15,8,6,"2008-11-01"
2008-11-23,15,10,6,"2008-11-01"
2008-11-24,15,11,6,"2008-11-01"
2008-11-25,15,11,7,"2008-11-01"
2008-11-26,16,12,8,"2008-11-01"
2008-11-27,17,12,8,"2008-11-01"
2008-11-28,17,12,8,"2008-11-01"
2008-11-29,17,12,8,"2008-11-01"
2008-11-30,17,12,8,"2008-11-01"
2008-12-01,0,0,0,"2008-12-01"
2008-12-02,1,0,1,"2008-12-01"
2008-12-03,1,0,1,"2008-12-01"
2008-12-04,3,1,1,"2008-12-01"
2008-12-05,4,2,2,"2008-12-01"
2008-12-06,4,2,2,"2008-12-01"
2008-12-07,5,2,2,"2008-12-01"
2008-12-08,5,3,2,"2008-12-01"
2008-12-09,7,3,3,"2008-12-01"
2008-12-10,7,4,3,"2008-12-01"
2008-12-11,8,4,3,"2008-12-01"
2008-12-12,9,5,3,"2008-12-01"
2008-12-13,10,5,4,"2008-12-01"
2008-12-14,10,5,4,"2008-12-01"
2008-12-15,10,6,4,"2008-12-01"
2008-12-16,10,7,4,"2008-12-01"
2008-12-17,10,7,4,"2008-12-01"
2008-12-18,10,7,4,"2008-12-01"
2008-12-19,11,7,4,"2008-12-01"
2008-12-20,11,7,4,"2008-12-01"
2008-12-21,11,7,4,"2008-12-01"
2008-12-22,13,8,4,"2008-12-01"
2008-12-23,15,8,4,"2008-12-01"
2008-12-24,15,8,4,"2008-12-01"
2008-12-25,15,8,4,"2008-12-01"
2008-12-26,15,8,4,"2008-12-01"
2008-12-27,15,8,4,"2008-12-01"
2008-12-28,15,9,4,"2008-12-01"
2008-12-29,17,9,4,"2008-12-01"
2008-12-30,17,9,4,"2008-12-01"
2008-12-31,17,9,4,"2008-12-01"
2009-01-01,0,1,0,"2009-01-01"
2009-01-02,1,1,0,"2009-01-01"
2009-01-03,2,1,1,"2009-01-01"
2009-01-04,2,1,1,"2009-01-01"
2009-01-05,3,1,2,"2009-01-01"
2009-01-06,3,2,2,"2009-01-01"
2009-01-07,3,2,2,"2009-01-01"
2009-01-08,3,3,2,"2009-01-01"
2009-01-09,6,3,3,"2009-01-01"
2009-01-10,6,3,3,"2009-01-01"
2009-01-11,6,3,3,"2009-01-01"
2009-01-12,7,3,3,"2009-01-01"
2009-01-13,8,4,4,"2009-01-01"
2009-01-14,8,4,4,"2009-01-01"
2009-01-15,9,4,4,"2009-01-01"
2009-01-16,11,5,4,"2009-01-01"
2009-01-17,13,6,4,"2009-01-01"
2009-01-18,14,6,4,"2009-01-01"
2009-01-19,14,7,5,"2009-01-01"
2009-01-20,14,7,5,"2009-01-01"
2009-01-21,14,10,5,"2009-01-01"
2009-01-22,15,10,5,"2009-01-01"
2009-01-23,15,10,5,"2009-01-01"
2009-01-24,16,11,5,"2009-01-01"
2009-01-25,16,11,5,"2009-01-01"
2009-01-26,16,11,5,"2009-01-01"
2009-01-27,16,12,5,"2009-01-01"
2009-01-28,17,12,5,"2009-01-01"
2009-01-29,19,12,5,"2009-01-01"
2009-01-30,19,12,5,"2009-01-01"
2009-01-31,21,12,5,"2009-01-01"
2009-02-01,0,2,0,"2009-02-01"
2009-02-02,0,3,1,"2009-02-01"
2009-02-03,0,6,3,"2009-02-01"
2009-02-04,0,6,3,"2009-02-01"
2009-02-05,1,6,3,"2009-02-01"
2009-02-06,1,6,4,"2009-02-01"
2009-02-07,1,6,4,"2009-02-01"
2009-02-08,1,7,4,"2009-02-01"
2009-02-09,2,7,6,"2009-02-01"
2009-02-10,3,8,6,"2009-02-01"
2009-02-11,3,9,6,"2009-02-01"
2009-02-12,4,10,7,"2009-02-01"
2009-02-13,4,10,8,"2009-02-01"
2009-02-14,4,10,8,"2009-02-01"
2009-02-15,4,11,8,"2009-02-01"
2009-02-16,5,11,8,"2009-02-01"
2009-02-17,5,11,8,"2009-02-01"
2009-02-18,6,11,8,"2009-02-01"
2009-02-19,7,11,9,"2009-02-01"
2009-02-20,7,12,9,"2009-02-01"
2009-02-21,7,13,9,"2009-02-01"
2009-02-22,7,13,9,"2009-02-01"
2009-02-23,7,13,9,"2009-02-01"
2009-02-24,7,14,9,"2009-02-01"
2009-02-25,7,14,9,"2009-02-01"
2009-02-26,7,14,9,"2009-02-01"
2009-02-27,10,15,9,"2009-02-01"
2009-02-28,10,15,9,"2009-02-01"
2009-03-01,0,0,1,"2009-03-01"
2009-03-02,0,0,1,"2009-03-01"
2009-03-03,0,0,1,"2009-03-01"
2009-03-04,0,0,1,"2009-03-01"
2009-03-05,0,0,2,"2009-03-01"
2009-03-06,1,0,3,"2009-03-01"
2009-03-07,1,0,4,"2009-03-01"
2009-03-08,1,0,4,"2009-03-01"
2009-03-09,2,0,4,"2009-03-01"
2009-03-10,3,1,4,"2009-03-01"
2009-03-11,4,2,4,"2009-03-01"
2009-03-12,5,2,4,"2009-03-01"
2009-03-13,5,2,5,"2009-03-01"
2009-03-14,5,2,5,"2009-03-01"
2009-03-15,5,3,5,"2009-03-01"
2009-03-16,5,5,5,"2009-03-01"
2009-03-17,5,5,5,"2009-03-01"
2009-03-18,5,7,5,"2009-03-01"
2009-03-19,6,8,5,"2009-03-01"
2009-03-20,6,9,5,"2009-03-01"
2009-03-21,7,9,5,"2009-03-01"
2009-03-22,7,9,5,"2009-03-01"
2009-03-23,7,9,5,"2009-03-01"
2009-03-24,7,11,5,"2009-03-01"
2009-03-25,8,13,5,"2009-03-01"
2009-03-26,9,14,5,"2009-03-01"
2009-03-27,10,15,5,"2009-03-01"
2009-03-28,10,16,6,"2009-03-01"
2009-03-29,10,16,6,"2009-03-01"
2009-03-30,10,16,6,"2009-03-01"
2009-03-31,12,18,7,"2009-03-01"
2009-04-01,0,0,1,"2009-04-01"
2009-04-02,0,0,3,"2009-04-01"
2009-04-03,2,2,3,"2009-04-01"
2009-04-04,2,3,3,"2009-04-01"
2009-04-05,2,3,3,"2009-04-01"
2009-04-06,2,4,3,"2009-04-01"
2009-04-07,2,4,3,"2009-04-01"
2009-04-08,2,6,3,"2009-04-01"
2009-04-09,2,6,3,"2009-04-01"
2009-04-10,4,8,3,"2009-04-01"
2009-04-11,6,10,3,"2009-04-01"
2009-04-12,6,11,4,"2009-04-01"
2009-04-13,6,11,4,"2009-04-01"
2009-04-14,6,12,4,"2009-04-01"
2009-04-15,9,12,5,"2009-04-01"
2009-04-16,9,12,5,"2009-04-01"
2009-04-17,10,12,5,"2009-04-01"
2009-04-18,10,12,5,"2009-04-01"
2009-04-19,10,13,5,"2009-04-01"
2009-04-20,15,13,5,"2009-04-01"
2009-04-21,16,15,5,"2009-04-01"
2009-04-22,17,15,6,"2009-04-01"
2009-04-23,18,16,6,"2009-04-01"
2009-04-24,18,16,6,"2009-04-01"
2009-04-25,18,16,6,"2009-04-01"
2009-04-26,18,16,6,"2009-04-01"
2009-04-27,19,17,6,"2009-04-01"
2009-04-28,20,17,6,"2009-04-01"
2009-04-29,20,17,6,"2009-04-01"
2009-04-30,22,17,6,"2009-04-01"
2009-05-01,0,0,0,"2009-05-01"
2009-05-02,0,0,0,"2009-05-01"
2009-05-03,0,1,0,"2009-05-01"
2009-05-04,1,1,0,"2009-05-01"
2009-05-05,1,1,0,"2009-05-01"
2009-05-06,1,2,0,"2009-05-01"
2009-05-07,1,3,0,"2009-05-01"
2009-05-08,1,3,0,"2009-05-01"
2009-05-09,1,3,0,"2009-05-01"
2009-05-10,1,3,0,"2009-05-01"
2009-05-11,1,3,0,"2009-05-01"
2009-05-12,1,4,0,"2009-05-01"
2009-05-13,1,6,0,"2009-05-01"
2009-05-14,2,6,2,"2009-05-01"
2009-05-15,2,7,2,"2009-05-01"
2009-05-16,2,8,2,"2009-05-01"
2009-05-17,5,12,5,"2009-05-01"
2009-05-18,5,12,5,"2009-05-01"
2009-05-19,6,12,5,"2009-05-01"
2009-05-20,6,13,5,"2009-05-01"
2009-05-21,8,13,6,"2009-05-01"
2009-05-22,8,13,6,"2009-05-01"
2009-05-23,8,13,6,"2009-05-01"
2009-05-24,8,13,6,"2009-05-01"
2009-05-25,8,13,7,"2009-05-01"
2009-05-26,9,14,7,"2009-05-01"
2009-05-27,9,15,7,"2009-05-01"
2009-05-28,11,16,7,"2009-05-01"
2009-05-29,12,17,7,"2009-05-01"
2009-05-30,12,18,7,"2009-05-01"
2009-05-31,12,18,7,"2009-05-01"
2009-06-01,0,0,0,"2009-06-01"
2009-06-02,0,1,0,"2009-06-01"
2009-06-03,0,1,0,"2009-06-01"
2009-06-04,1,2,0,"2009-06-01"
2009-06-05,1,3,0,"2009-06-01"
2009-06-06,2,4,0,"2009-06-01"
2009-06-07,2,4,0,"2009-06-01"
2009-06-08,2,6,1,"2009-06-01"
2009-06-09,2,8,1,"2009-06-01"
2009-06-10,2,8,2,"2009-06-01"
2009-06-11,2,11,2,"2009-06-01"
2009-06-12,2,11,2,"2009-06-01"
2009-06-13,4,12,2,"2009-06-01"
2009-06-14,5,12,2,"2009-06-01"
2009-06-15,5,14,2,"2009-06-01"
2009-06-16,7,14,2,"2009-06-01"
2009-06-17,8,15,2,"2009-06-01"
2009-06-18,8,15,3,"2009-06-01"
2009-06-19,8,15,3,"2009-06-01"
2009-06-20,8,15,3,"2009-06-01"
2009-06-21,8,16,3,"2009-06-01"
2009-06-22,8,17,3,"2009-06-01"
2009-06-23,9,17,3,"2009-06-01"
2009-06-24,9,18,3,"2009-06-01"
2009-06-25,12,19,4,"2009-06-01"
2009-06-26,12,19,4,"2009-06-01"
2009-06-27,13,20,4,"2009-06-01"
2009-06-28,14,21,4,"2009-06-01"
2009-06-29,14,23,4,"2009-06-01"
2009-06-30,15,23,4,"2009-06-01"
2009-07-01,2,2,1,"2009-07-01"
2009-07-02,2,2,1,"2009-07-01"
2009-07-03,2,2,1,"2009-07-01"
2009-07-04,3,2,1,"2009-07-01"
2009-07-05,4,2,2,"2009-07-01"
2009-07-06,4,3,2,"2009-07-01"
2009-07-07,4,3,3,"2009-07-01"
2009-07-08,5,4,4,"2009-07-01"
2009-07-09,6,4,4,"2009-07-01"
2009-07-10,6,4,4,"2009-07-01"
2009-07-11,6,6,5,"2009-07-01"
2009-07-12,7,6,5,"2009-07-01"
2009-07-13,8,6,5,"2009-07-01"
2009-07-14,8,7,5,"2009-07-01"
2009-07-15,8,8,6,"2009-07-01"
2009-07-16,10,8,6,"2009-07-01"
2009-07-17,11,10,6,"2009-07-01"
2009-07-18,11,10,6,"2009-07-01"
2009-07-19,11,12,6,"2009-07-01"
2009-07-20,12,13,6,"2009-07-01"
2009-07-21,12,13,6,"2009-07-01"
2009-07-22,15,13,6,"2009-07-01"
2009-07-23,15,13,6,"2009-07-01"
2009-07-24,15,13,7,"2009-07-01"
2009-07-25,15,13,7,"2009-07-01"
2009-07-26,16,13,7,"2009-07-01"
2009-07-27,17,14,7,"2009-07-01"
2009-07-28,18,14,8,"2009-07-01"
2009-07-29,18,15,8,"2009-07-01"
2009-07-30,18,15,8,"2009-07-01"
2009-07-31,18,15,8,"2009-07-01"
2009-08-01,0,0,0,"2009-08-01"
2009-08-02,1,0,0,"2009-08-01"
2009-08-03,1,0,0,"2009-08-01"
2009-08-04,1,1,1,"2009-08-01"
2009-08-05,2,2,1,"2009-08-01"
2009-08-06,2,3,1,"2009-08-01"
2009-08-07,3,3,1,"2009-08-01"
2009-08-08,4,3,1,"2009-08-01"
2009-08-09,6,3,2,"2009-08-01"
2009-08-10,7,4,2,"2009-08-01"
2009-08-11,7,4,2,"2009-08-01"
2009-08-12,7,6,2,"2009-08-01"
2009-08-13,8,8,3,"2009-08-01"
2009-08-14,8,8,4,"2009-08-01"
2009-08-15,11,8,4,"2009-08-01"
2009-08-16,11,8,4,"2009-08-01"
2009-08-17,14,8,4,"2009-08-01"
2009-08-18,15,8,4,"2009-08-01"
2009-08-19,15,9,4,"2009-08-01"
2009-08-20,15,11,4,"2009-08-01"
2009-08-21,15,11,4,"2009-08-01"
2009-08-22,15,11,4,"2009-08-01"
2009-08-23,16,11,5,"2009-08-01"
2009-08-24,16,13,5,"2009-08-01"
2009-08-25,17,13,5,"2009-08-01"
2009-08-26,17,13,5,"2009-08-01"
2009-08-27,17,13,5,"2009-08-01"
2009-08-28,17,13,5,"2009-08-01"
2009-08-29,17,15,6,"2009-08-01"
2009-08-30,18,15,6,"2009-08-01"
2009-08-31,19,15,6,"2009-08-01"
2009-09-01,3,0,0,"2009-09-01"
2009-09-02,4,0,1,"2009-09-01"
2009-09-03,5,0,1,"2009-09-01"
2009-09-04,6,0,1,"2009-09-01"
2009-09-05,7,0,1,"2009-09-01"
2009-09-06,7,0,1,"2009-09-01"
2009-09-07,7,1,1,"2009-09-01"
2009-09-08,8,1,1,"2009-09-01"
2009-09-09,8,2,2,"2009-09-01"
2009-09-10,8,3,3,"2009-09-01"
2009-09-11,8,4,3,"2009-09-01"
2009-09-12,8,5,3,"2009-09-01"
2009-09-13,9,5,3,"2009-09-01"
2009-09-14,9,5,4,"2009-09-01"
2009-09-15,11,7,4,"2009-09-01"
2009-09-16,14,7,4,"2009-09-01"
2009-09-17,16,7,4,"2009-09-01"
2009-09-18,17,7,4,"2009-09-01"
2009-09-19,18,9,4,"2009-09-01"
2009-09-20,18,11,4,"2009-09-01"
2009-09-21,18,11,4,"2009-09-01"
2009-09-22,18,12,4,"2009-09-01"
2009-09-23,19,13,4,"2009-09-01"
2009-09-24,20,13,5,"2009-09-01"
2009-09-25,21,15,5,"2009-09-01"
2009-09-26,22,16,7,"2009-09-01"
2009-09-27,23,18,7,"2009-09-01"
2009-09-28,23,19,7,"2009-09-01"
2009-09-29,23,19,7,"2009-09-01"
2009-09-30,23,19,7,"2009-09-01"
2009-10-01,2,1,0,"2009-10-01"
2009-10-02,2,3,0,"2009-10-01"
2009-10-03,3,4,0,"2009-10-01"
2009-10-04,3,4,0,"2009-10-01"
2009-10-05,4,4,0,"2009-10-01"
2009-10-06,5,6,1,"2009-10-01"
2009-10-07,8,7,2,"2009-10-01"
2009-10-08,8,9,2,"2009-10-01"
2009-10-09,10,9,2,"2009-10-01"
2009-10-10,10,10,3,"2009-10-01"
2009-10-11,10,10,3,"2009-10-01"
2009-10-12,12,10,3,"2009-10-01"
2009-10-13,13,10,3,"2009-10-01"
2009-10-14,17,13,3,"2009-10-01"
2009-10-15,17,14,4,"2009-10-01"
2009-10-16,17,15,5,"2009-10-01"
2009-10-17,18,15,5,"2009-10-01"
2009-10-18,18,18,5,"2009-10-01"
2009-10-19,18,19,5,"2009-10-01"
2009-10-20,18,19,5,"2009-10-01"
2009-10-21,18,20,6,"2009-10-01"
2009-10-22,19,21,6,"2009-10-01"
2009-10-23,20,22,6,"2009-10-01"
2009-10-24,20,24,7,"2009-10-01"
2009-10-25,20,24,7,"2009-10-01"
2009-10-26,20,24,7,"2009-10-01"
2009-10-27,21,27,8,"2009-10-01"
2009-10-28,22,29,8,"2009-10-01"
2009-10-29,23,30,8,"2009-10-01"
2009-10-30,23,30,9,"2009-10-01"
2009-10-31,23,30,10,"2009-10-01"
2009-11-01,0,1,0,"2009-11-01"
2009-11-02,1,1,1,"2009-11-01"
2009-11-03,2,2,1,"2009-11-01"
2009-11-04,2,2,2,"2009-11-01"
2009-11-05,2,3,2,"2009-11-01"
2009-11-06,3,3,2,"2009-11-01"
2009-11-07,4,4,2,"2009-11-01"
2009-11-08,6,5,2,"2009-11-01"
2009-11-09,6,5,4,"2009-11-01"
2009-11-10,6,6,5,"2009-11-01"
2009-11-11,7,7,5,"2009-11-01"
2009-11-12,8,7,5,"2009-11-01"
2009-11-13,9,7,5,"2009-11-01"
2009-11-14,10,7,6,"2009-11-01"
2009-11-15,11,8,6,"2009-11-01"
2009-11-16,13,8,6,"2009-11-01"
2009-11-17,14,10,6,"2009-11-01"
2009-11-18,15,10,6,"2009-11-01"
2009-11-19,15,12,6,"2009-11-01"
2009-11-20,15,12,6,"2009-11-01"
2009-11-21,16,14,6,"2009-11-01"
2009-11-22,17,14,7,"2009-11-01"
2009-11-23,18,14,7,"2009-11-01"
2009-11-24,18,15,7,"2009-11-01"
2009-11-25,18,17,8,"2009-11-01"
2009-11-26,18,18,8,"2009-11-01"
2009-11-27,18,18,8,"2009-11-01"
2009-11-28,18,20,8,"2009-11-01"
2009-11-29,19,20,8,"2009-11-01"
2009-11-30,19,21,8,"2009-11-01"
2009-12-01,1,1,0,"2009-12-01"
2009-12-02,1,2,0,"2009-12-01"
2009-12-03,4,3,1,"2009-12-01"
2009-12-04,6,4,3,"2009-12-01"
2009-12-05,6,5,3,"2009-12-01"
2009-12-06,8,6,3,"2009-12-01"
2009-12-07,8,6,3,"2009-12-01"
2009-12-08,9,6,3,"2009-12-01"
2009-12-09,9,6,4,"2009-12-01"
2009-12-10,9,6,5,"2009-12-01"
2009-12-11,10,6,5,"2009-12-01"
2009-12-12,10,6,6,"2009-12-01"
2009-12-13,10,6,6,"2009-12-01"
2009-12-14,10,6,6,"2009-12-01"
2009-12-15,10,8,6,"2009-12-01"
2009-12-16,10,8,6,"2009-12-01"
2009-12-17,12,12,6,"2009-12-01"
2009-12-18,12,13,6,"2009-12-01"
2009-12-19,12,13,7,"2009-12-01"
2009-12-20,12,13,8,"2009-12-01"
2009-12-21,12,13,8,"2009-12-01"
2009-12-22,12,14,8,"2009-12-01"
2009-12-23,14,14,8,"2009-12-01"
2009-12-24,14,14,8,"2009-12-01"
2009-12-25,14,14,8,"2009-12-01"
2009-12-26,14,14,8,"2009-12-01"
2009-12-27,14,16,8,"2009-12-01"
2009-12-28,14,16,8,"2009-12-01"
2009-12-29,15,17,8,"2009-12-01"
2009-12-30,16,17,8,"2009-12-01"
2009-12-31,16,17,8,"2009-12-01"
